{"mean": [-0.0005706440424546599, -0.00011580924910958856, 28.03157615661621, 25.21183204650879, 25.696584701538086, 49.34880065917969, -0.10124807804822922, -0.014811585657298565, 0.0019142013043165207, 0.009697604924440384, 1.041875958442688, 0.5084812045097351, -0.0009156438172794878, -0.0001554749469505623, 25.627317428588867, 22.62344741821289, 22.691938400268555, 49.33770751953125, -0.17478260397911072, -0.03043527342379093, 0.00338003016076982, 0.01635303534567356, 0.7900246977806091, 0.5006631016731262, -0.001153201563283801, -0.00018161041953135282, 24.432479858398438, 21.991662979125977, 22.102275848388672, 49.32899856567383, -0.17265018820762634, -0.06280548870563507, 0.004391637165099382, 0.020665885880589485, 0.7758602499961853, 0.5134118795394897, -0.0026106717996299267, -0.00044199146213941276, 22.187602996826172, 20.73087501525879, 21.437711715698242, 49.08982849121094, 0.246219664812088, -0.18715797364711761, 0.007573239505290985, 0.031506672501564026, 0.7525767683982849, 0.5053138136863708, -0.005200499668717384, -0.0009709785808809102, 23.373760223388672, 20.268766403198242, 21.680038452148438, 48.551963806152344, 0.8949580788612366, -0.16631661355495453, 0.0106186019256711, 0.03937141224741936, 0.7207438945770264, 0.5093131065368652, -0.00993738416582346, -0.0019188547739759088, 25.02935791015625, 19.03359031677246, 21.5128116607666, 47.820770263671875, 1.4808706045150757, 0.13569597899913788, 0.015116062946617603, 0.05742033198475838, 0.6555687189102173, 0.5026810765266418], "std": [0.005793762858957052, 0.0011609047651290894, 11.175332069396973, 11.856374740600586, 11.06135368347168, 13.392783164978027, 8.742714881896973, 2.696624994277954, 0.001249697175808251, 0.007479646243155003, 1.2952725887298584, 0.3871554136276245, 0.009576537646353245, 0.001923507428728044, 9.497537612915039, 9.114325523376465, 8.677739143371582, 12.753479957580566, 10.663012504577637, 4.720927715301514, 0.0020192863885313272, 0.013603809289634228, 0.9465551376342773, 0.3545115888118744, 0.011653244495391846, 0.002306617796421051, 9.284486770629883, 8.194833755493164, 7.9843573570251465, 12.018506050109863, 13.154722213745117, 5.390874862670898, 0.0025207537692040205, 0.01728118024766445, 0.8755415081977844, 0.3353753685951233, 0.016580354422330856, 0.003056584857404232, 8.426013946533203, 6.589504718780518, 7.007015705108643, 10.592727661132812, 24.475202560424805, 7.4792633056640625, 0.0038447235710918903, 0.024025166407227516, 0.7367033958435059, 0.2980697751045227, 0.022148048505187035, 0.004048450849950314, 9.220575332641602, 6.102778434753418, 6.8598952293396, 10.10076904296875, 35.31459426879883, 12.348365783691406, 0.004951197654008865, 0.026962146162986755, 0.695169985294342, 0.2787632942199707, 0.03269506245851517, 0.006287913303822279, 11.098588943481445, 6.3096208572387695, 6.589569091796875, 9.965316772460938, 56.39540481567383, 16.613155364990234, 0.006531040649861097, 0.03652840107679367, 0.7018115520477295, 0.2665271759033203]}